,precision,recall,f1-score,support
0,0.9520228215767634,0.926669190963019,0.9391749280460505,7923.0
1,0.5631578947368421,0.6693476318141197,0.6116782360146998,1119.0
accuracy,0.8948241539482416,0.8948241539482416,0.8948241539482416,0.8948241539482416
macro avg,0.7575903581568028,0.7980084113885694,0.7754265820303752,9042.0
weighted avg,0.90389852903818,0.8948241539482416,0.8986453108835775,9042.0
