,precision,recall,f1-score,support
0,0.953774439984462,0.9296983465858892,0.9415825131023904,7923.0
1,0.577710386656558,0.6809651474530831,0.6251025430680885,1119.0
accuracy,0.8989161689891617,0.8989161689891617,0.8989161689891617,0.8989161689891617
macro avg,0.76574241332051,0.8053317470194862,0.7833425280852395,9042.0
weighted avg,0.9072343298679033,0.8989161689891617,0.9024162792527572,9042.0
