,precision,recall,f1-score,support
0,0.9159365380061567,0.976397829105137,0.9452012951310403,7923.0
1,0.6862416107382551,0.36550491510277033,0.4769679300291545,1119.0
accuracy,0.9007962840079629,0.9007962840079629,0.9007962840079629,0.9007962840079629
macro avg,0.8010890743722059,0.6709513721039536,0.7110846125800974,9042.0
weighted avg,0.8875104570934403,0.9007962840079629,0.8872546975255315,9042.0
